{"accuracy": 0.9669811129570007, "loss": 0.04730038717389107, "val_accuracy": 0.4736842215061188, "val_loss": 7.701502799987793}