{"accuracy": 0.9845758080482483, "loss": 0.026511572301387787, "val_accuracy": 0.52173912525177, "val_loss": 7.172133445739746}