{"accuracy": 0.9669811129570007, "loss": 0.03626427426934242, "val_accuracy": 0.3684210479259491, "val_loss": 10.078938484191895}